{
  "lang":"ar",
  "name":"pipeline",
  "version":"0.0.0",
  "spacy_version":">=3.7.4,<3.8.0",
  "description":"",
  "author":"",
  "email":"",
  "url":"",
  "license":"",
  "spacy_git_version":"bff8725f4",
  "vectors":{
    "width":0,
    "vectors":0,
    "keys":0,
    "name":null,
    "mode":"default"
  },
  "labels":{
    "tok2vec":[

    ],
    "ner":[
      "BANK",
      "CITY",
      "CORP",
      "COUNTRY",
      "CURRENCY",
      "Events",
      "FINANCIAL_INSTRUMENT",
      "FinMarket",
      "GOVERNMENT_ENTITY",
      "GPE",
      "MEDIA",
      "Metrics",
      "NATIONALITY",
      "OFFICIAL",
      "ORG",
      "PERSON",
      "PRODUCT_OR_SERVICE",
      "QUNATITY_OR_UNIT",
      "ROLE",
      "STOCK_EXCHANGE",
      "TIME"
    ]
  },
  "pipeline":[
    "tok2vec",
    "ner"
  ],
  "components":[
    "tok2vec",
    "ner"
  ],
  "disabled":[

  ],
  "performance":{
    "ents_f":0.9627383169,
    "ents_p":0.9628502058,
    "ents_r":0.962626454,
    "ents_per_type":{
      "ROLE":{
        "p":0.8901479383,
        "r":0.8929586359,
        "f":0.8915510719
      },
      "CORP":{
        "p":0.8730168127,
        "r":0.7947294676,
        "f":0.8320356579
      },
      "TIME":{
        "p":0.9893931191,
        "r":0.9899412728,
        "f":0.98966712
      },
      "QUNATITY_OR_UNIT":{
        "p":0.9592467326,
        "r":0.9610525435,
        "f":0.960148789
      },
      "CURRENCY":{
        "p":0.9916487712,
        "r":0.992325272,
        "f":0.9919869063
      },
      "Events":{
        "p":0.9801036025,
        "r":0.9804627182,
        "f":0.9802831275
      },
      "PRODUCT_OR_SERVICE":{
        "p":0.954241562,
        "r":0.9570533643,
        "f":0.9556453948
      },
      "COUNTRY":{
        "p":0.9762058058,
        "r":0.9737253588,
        "f":0.9749640046
      },
      "NATIONALITY":{
        "p":0.9712264337,
        "r":0.9736894243,
        "f":0.9724563695
      },
      "GOVERNMENT_ENTITY":{
        "p":0.9775667492,
        "r":0.9743484225,
        "f":0.9759549327
      },
      "OFFICIAL":{
        "p":0.8460884354,
        "r":0.9389745203,
        "f":0.8901148054
      },
      "GPE":{
        "p":0.864747238,
        "r":0.9458073966,
        "f":0.9034627492
      },
      "FinMarket":{
        "p":0.8828801912,
        "r":0.9794497846,
        "f":0.9286612194
      },
      "FINANCIAL_INSTRUMENT":{
        "p":0.9791075818,
        "r":0.972853654,
        "f":0.9759705993
      },
      "BANK":{
        "p":0.9131592968,
        "r":0.920144947,
        "f":0.9166388128
      },
      "Metrics":{
        "p":0.9606698418,
        "r":0.943564207,
        "f":0.9520401949
      },
      "STOCK_EXCHANGE":{
        "p":0.9777777778,
        "r":0.9858490566,
        "f":0.9817968291
      },
      "ORG":{
        "p":0.8598984772,
        "r":0.8722966014,
        "f":0.8660531697
      },
      "PERSON":{
        "p":0.7501035197,
        "r":0.7769676174,
        "f":0.7632992731
      },
      "MEDIA":{
        "p":0.9578313253,
        "r":0.958986731,
        "f":0.9584086799
      },
      "CITY":{
        "p":0.790499391,
        "r":0.843953186,
        "f":0.8163522013
      }
    },
    "tok2vec_loss":1086.2237331621,
    "ner_loss":1339.7848096522
  }
}