{
  "lang":"ar",
  "name":"pipeline",
  "version":"0.0.0",
  "spacy_version":">=3.7.4,<3.8.0",
  "description":"",
  "author":"",
  "email":"",
  "url":"",
  "license":"",
  "spacy_git_version":"bff8725f4",
  "vectors":{
    "width":0,
    "vectors":0,
    "keys":0,
    "name":null,
    "mode":"default"
  },
  "labels":{
    "tok2vec":[

    ],
    "ner":[
      "BANK",
      "CITY",
      "CORP",
      "COUNTRY",
      "CURRENCY",
      "Events",
      "FINANCIAL_INSTRUMENT",
      "FinMarket",
      "GOVERNMENT_ENTITY",
      "GPE",
      "MEDIA",
      "Metrics",
      "NATIONALITY",
      "OFFICIAL",
      "ORG",
      "PERSON",
      "PRODUCT_OR_SERVICE",
      "QUNATITY_OR_UNIT",
      "ROLE",
      "STOCK_EXCHANGE",
      "TIME"
    ]
  },
  "pipeline":[
    "tok2vec",
    "ner"
  ],
  "components":[
    "tok2vec",
    "ner"
  ],
  "disabled":[

  ],
  "performance":{
    "ents_f":0.9614167333,
    "ents_p":0.9660507759,
    "ents_r":0.9568269364,
    "ents_per_type":{
      "ROLE":{
        "p":0.8825529285,
        "r":0.9016419324,
        "f":0.8919953143
      },
      "TIME":{
        "p":0.9902401201,
        "r":0.9905814855,
        "f":0.9904107734
      },
      "QUNATITY_OR_UNIT":{
        "p":0.9651997635,
        "r":0.9560742972,
        "f":0.9606153587
      },
      "CURRENCY":{
        "p":0.9929603937,
        "r":0.9911314255,
        "f":0.9920450666
      },
      "Events":{
        "p":0.9832110647,
        "r":0.9786306891,
        "f":0.9809155299
      },
      "PRODUCT_OR_SERVICE":{
        "p":0.9365296906,
        "r":0.9671461717,
        "f":0.9515917314
      },
      "COUNTRY":{
        "p":0.9733014434,
        "r":0.977187692,
        "f":0.9752406961
      },
      "NATIONALITY":{
        "p":0.9742208846,
        "r":0.9748385307,
        "f":0.9745296098
      },
      "GOVERNMENT_ENTITY":{
        "p":0.9798555154,
        "r":0.9674897119,
        "f":0.9736333517
      },
      "OFFICIAL":{
        "p":0.8926296633,
        "r":0.9257628185,
        "f":0.9088943792
      },
      "GPE":{
        "p":0.9279751505,
        "r":0.8751373123,
        "f":0.9007820597
      },
      "FinMarket":{
        "p":0.9517330742,
        "r":0.9738150481,
        "f":0.9626474443
      },
      "FINANCIAL_INSTRUMENT":{
        "p":0.9795650544,
        "r":0.9815893293,
        "f":0.9805761471
      },
      "CORP":{
        "p":0.8693715386,
        "r":0.7782927355,
        "f":0.8213148317
      },
      "ORG":{
        "p":0.9107763615,
        "r":0.8094747683,
        "f":0.8571428571
      },
      "BANK":{
        "p":0.8996997817,
        "r":0.8848476715,
        "f":0.8922119223
      },
      "Metrics":{
        "p":0.9603740688,
        "r":0.9142900257,
        "f":0.9367656153
      },
      "STOCK_EXCHANGE":{
        "p":0.9792490119,
        "r":0.9738600629,
        "f":0.9765471029
      },
      "PERSON":{
        "p":0.9289297659,
        "r":0.4765172636,
        "f":0.6299078668
      },
      "MEDIA":{
        "p":0.9443772672,
        "r":0.9420989144,
        "f":0.943236715
      },
      "CITY":{
        "p":0.7428896473,
        "r":0.8491547464,
        "f":0.7924757282
      }
    },
    "tok2vec_loss":1468.1458924401,
    "ner_loss":1682.4913631724
  }
}